Index,Value
30.0,5.619162973936175
60.0,5.247524374746444
64.0,-1.0165434631890808
65.0,-1.1655566185739494
89.0,-1.084259331297457
90.0,3.4698776225372274
113.0,-1.2103122081226367
120.0,4.1918291978203195
138.0,-0.9948510191511265
150.0,6.282555187676434
161.0,-1.0447764665137806
162.0,-1.0931326758711926
